time,text
2025-05-28 21:04:44,@Lin-Xavia
2025-05-20 23:14:56,@白星淼
2025-05-13 22:57:34,@远野山叶
2025-05-12 10:03:09,比那些变音的好多了；变音的不看字幕很难受
2025-05-08 21:06:22,每天一遍
2025-05-07 22:03:29,老梗复活也要扣税
2025-05-07 02:03:58,[doge]https://b23.tv/BV1WxdoYmEnf
2025-05-06 19:29:34,[滑稽]加税等着被灭吧[滑稽]245％
2025-05-05 12:18:39,第1500个评论
2025-05-05 10:51:50,恭迎万税王
2025-05-05 10:18:45,《打电动》[笑哭][笑哭]
2025-05-05 06:33:51,……从此多了一个新名字：税美人
2025-05-04 20:53:47,@马三版
2025-05-04 19:59:42,@林汐尔德
2025-05-04 15:50:05,@终究还会在 扣税大扣特扣
2025-05-04 00:09:25,税美人——特朗普
2025-05-03 23:22:28,关税不断加加加加到厌倦
2025-05-03 22:35:50,@窝素小学生_已黑化 加税
2025-05-03 21:08:25,@音葵Otogi @山田_源walks @可比劳大 @这让我不得不怀疑
2025-05-03 11:37:31,比起制定税法，我更喜欢你～[doge]
2025-05-03 08:47:19,小猫咪不可以预言的这么准！！
2025-05-03 01:50:44,看标题还以为是《对等关系》的填词[辣眼睛][辣眼睛]
2025-05-03 00:00:19,紧跟时事
2025-05-02 23:56:30,@呜呜呜温迪老婆 @吾乃何子昂本尊
2025-05-02 23:13:46,川普加税[doge]
2025-05-02 22:43:25,加税也要加税！！！！
2025-05-02 20:56:20,什么叫预言
2025-05-02 20:26:33,这个视频到底在内涵什么呢？我看不懂，就由大家来解答吧[doge_金箍]
2025-05-02 19:07:14,真行
2025-05-02 17:39:26,美国现状
2025-05-02 16:22:05,一键三连也要加税，给我点赞也要加税[吃瓜][生气]
2025-05-02 14:28:09,加菲猫真的是预言家
2025-05-02 13:15:52,加税加加加加到厌倦[害羞]
2025-05-02 11:47:46,@BadRTXXX 《紧跟时事》
2025-05-02 09:30:37,从抖音过来的
2025-05-01 17:53:20,税美人
2025-05-01 15:14:30,关税不断加加加加到厌倦～
2025-05-01 13:27:47,特朗普国王）
2025-04-30 23:43:35,@是寒雪呢 现在245%了
2025-04-30 23:01:13,关税关税，新的关税
2025-04-30 22:47:00,从没想过这个东西能这么配
2025-04-30 20:15:14,加税王来了
2025-04-30 18:24:49,美利坚的预言
2025-04-30 13:10:29,严重怀疑特朗普跟他学的
2025-04-29 18:19:59,加菲猫这个赛季强的没边
2025-04-28 22:51:52,@路辰的左高玩
2025-04-28 19:30:01,要不直接说扣税吧 🤓👆
2025-04-27 23:06:15,小丑也加税
2025-04-27 22:25:29,@与我无防
2025-04-27 19:34:11,https://b23.tv/Ppngzs5
2025-04-27 07:44:55,加税加加加加加加到厌倦
2025-04-27 01:42:12,加纳
2025-04-26 22:48:29,@搁墓里
2025-04-26 18:39:14,"问：2025年美国对以下哪个（ )没有进行关税征收？
A.英国
B.中国
C.俄罗斯
D.企鹅

正确答案：C"
2025-04-26 14:42:52,@心疼提米的鸽子
2025-04-26 13:53:51,@无所事事忆星海
2025-04-26 13:21:51,@没核桃有籽
2025-04-26 12:17:32,1111[蹲蹲][打call]
2025-04-26 11:55:19,@鸽子咕vbn @苍白悠 @胡桃520嘿嘿嘿 @昂坷
2025-04-26 01:11:11,@东映的卧底 ?文艺复兴
2025-04-25 21:49:17,@冥林翳情 [捂脸]
2025-04-25 21:41:01,不是，就这之前刷到过加税，在特朗普之前之前，这预言有点可怕了。
2025-04-25 19:43:39,现在美国对中国be  like:
2025-04-25 15:31:53,超级加倍
2025-04-25 12:50:39,我嘞个特朗普啊。
2025-04-24 23:22:46,@萌城少年---_
2025-04-24 23:20:04,失业也要交税
2025-04-24 17:41:11,我将用这个视频作为我拉伸的节奏[微笑]
2025-04-24 13:45:54,[doge][doge][doge][doge][doge]
2025-04-24 09:39:20,1
2025-04-23 22:34:26,不知道是哪个国家给中国加了125%的关税，好难猜呀[一群喵_笑]
2025-04-23 19:45:20,我勒个万税王呀
2025-04-23 18:49:50,@Car-卜
2025-04-23 18:33:31,居然是万税爷
2025-04-23 18:27:29,@西域安玄 紧跟时事[少女乐队的呐喊表情包_吐舌]
2025-04-23 18:07:03,@做一神秘的用户
2025-04-23 14:45:23,[包浆狗狗合集_无语]所以呀要加到什么时候，可以给我加工资吗
2025-04-23 12:36:15,万税爷[doge]
2025-04-23 04:18:46,加税，要加税。
2025-04-22 23:21:24,拜见万税爷[吃瓜]
2025-04-22 19:37:09,综合税率63.7％
2025-04-22 18:59:15,p上金发更抽象一点[doge]
2025-04-22 13:55:40,@bili_92215606148 关税关税加加加
2025-04-22 02:04:01,"第一眼：今夕是何年
第二眼：预言家刀了"
2025-04-22 01:47:59,@-是溪溪吖- @鸭x2
2025-04-21 22:17:16,美国把中国的iPhone关税提高了245%
2025-04-21 22:06:19,前两天看特朗普的时候满脑子加菲猫这个视频[微笑]
2025-04-21 18:06:40,0
2025-04-21 15:35:57,这个梗实在是太与时俱进了[脱单doge]
2025-04-21 10:13:54,@一坨十三鸦 笑死了
2025-04-21 08:43:28,我记得去年的校园霸凌事件也是用的这个动画
2025-04-21 02:49:11,bro忘了给苹果手机加税💀
2025-04-21 01:15:12,有没有人和我一样觉得最后面小丑图会再接一个加税的
2025-04-20 23:30:19,以后up主你工资多收245%的税[崩坏3·光辉矢愿_瞄准][崩坏3·光辉矢愿_up主]
2025-04-20 22:42:28,古法秘制梗汤
2025-04-20 21:25:12,不吃面筋要加关税
2025-04-20 19:12:59,@星芋啵啵有点甜
2025-04-20 19:00:46,hhhhhhh
2025-04-20 18:32:12,不知道是老梗复合还是新梗诞生
2025-04-20 18:13:53,照进现实啦
2025-04-20 15:03:00,怎么这么洗脑[藏狐]明天我还得一模[笑哭][笑哭]丸辣
2025-04-20 12:43:17,加税不断加加加加到厌倦～
2025-04-20 11:49:05,看视频也要加税！（↗）
2025-04-20 11:48:39,@魚恋海dot
2025-04-20 11:13:44,"我要收美国的钱￣▽￣）
然后送给大佬(=・ω・=)
大佬你看(￣3￣)
给你津巴布韦币_(:з」∠)_[doge][doge]"
2025-04-20 10:35:55,感觉英文听起来感觉更好，因为对面听得懂（）
2025-04-20 09:31:39,@橘裕裕 @我讨厌鸡蛋黄 @沈灯微 加税！！！！！！！！！
2025-04-20 08:10:58,对冲加税
2025-04-19 23:48:51,原来是税美人
2025-04-19 23:36:01,@普通款松鼠
2025-04-19 23:26:11,@U0sama
2025-04-19 23:17:18,无税天堂VS全税地狱（玩文明二时Be like）
2025-04-19 22:25:25,@无远弗届的
2025-04-19 21:51:19,加税不断加加加加到厌倦
2025-04-19 21:33:27,你忘了企鹅
2025-04-19 21:24:00,@魔法少女孙酱 @-守护小鱼肚- @kindredakuma 最近这个是该复活了
2025-04-19 20:49:23,还以为是老梗复活 原来是紧跟时事🤯
2025-04-19 20:37:40,男的加税，女的加税，不男不女也要加税
2025-04-19 20:34:38,宝宝们可以支持一下我第一个作品吗 大学生期末作业[星星眼]
2025-04-19 19:34:48,企鹅加税[笑哭]
2025-04-19 19:04:01,《旧梗新唱》
2025-04-19 19:03:30,@A尼古拉斯如来
2025-04-19 18:48:38,控告你的加税[呲牙]
2025-04-19 16:35:55,@别后十三秋-_ 哈哈哈哈哈666
2025-04-19 14:28:39,我记得刚开始看到说企鹅那边也要加税，有个弹幕特别搞笑“兄弟要充q币吗”
2025-04-19 14:10:57,@秦钍沐烽 文艺复兴了[星星眼]
2025-04-19 13:58:52,中美贸易战现状
2025-04-19 13:39:33,这很有生活了[doge_金箍]
2025-04-19 12:53:42,加加加加到厌倦[吃瓜]
2025-04-19 12:18:18,@迈叔三阶
2025-04-19 11:15:38,加税也要加税
2025-04-19 10:41:18,万税爷。
2025-04-19 10:30:03,@_都筑重度依賴TT @叼个奶嘴闯zzz
2025-04-19 09:58:27,关税加加加加加加到厌倦～
2025-04-19 09:41:48,@一途x @小杨不想孤单
2025-04-19 00:39:36,第一天玩b站，这就是鬼畜吗
2025-04-19 00:18:49,谁来救我。[藏狐]
2025-04-18 23:57:00,为什么没有法师近战法师刘海柱，我吃柠檬加关税
2025-04-18 22:58:18,就很紧跟时事[doge]
2025-04-18 22:39:41,这个是什么梗来着
2025-04-18 22:38:27,@wbg会有冠军的
2025-04-18 22:31:08,鬼知道我叫了多少篇
2025-04-18 22:14:18,ch人闻着味就来了[doge]
2025-04-18 21:14:00,企鹅：逃过一劫[笑哭]
2025-04-18 21:00:28,关税不断加加加加到厌倦~
2025-04-18 20:39:32,我在小红书看到过，有人把它放到外网了
2025-04-18 20:38:07,这号养成了[微笑]
2025-04-18 20:35:24,@路人硬 嘻嘻
2025-04-18 20:24:00,现因为up主收到了up主还倒欠你的2.5个币。所以加税，现你倒欠up主3.125[doge]，然后加税up主倒欠你3.90625[脱单doge]
2025-04-18 19:26:58,@屿峤_
2025-04-18 19:03:57,万税爷
2025-04-18 15:34:32,保留节目
2025-04-18 15:12:48,👍
2025-04-18 12:34:46,@DDL-_- @环白竹 [笑哭][笑哭][笑哭]
2025-04-18 10:45:46,好好好2025年这个梗又火了
2025-04-18 10:23:56,太贴了我服了
2025-04-18 09:03:03,@可以叫我墩墩 加加加加到厌倦
2025-04-18 04:13:34,@晓美焰2333 我服了[笑哭]
2025-04-18 00:35:49,疯川想资导致的
2025-04-17 23:02:36,离谱[笑哭]
2025-04-17 22:47:59,@央视新闻 参考一下
2025-04-17 20:59:40,此作品运用了借古讽今的手法，以古老的梗来讽刺如今特朗普加关税的事情；用众多排比句从侧面反映出特朗普增加关税的繁多；且用了反复的手法，反复强调加税，进一步抒发了作者的情感，表面了作者对美国增加关税的强烈的愤慨之情。
2025-04-17 20:06:18,"发现华点：
发现音乐《阳光彩虹小白马》"
2025-04-17 19:39:57,这就是税美人吗？[doge]
2025-04-17 19:37:00,@IJIDI @白雨fnf
2025-04-17 19:07:43,[doge]
2025-04-17 18:34:33,@幽空寒星 来听鬼畜
2025-04-17 17:47:18,以前看加菲猫我不屑一顾，现在我逐帧观看.....
2025-04-17 15:31:57,预言家！！！25年4月前来报到，中美关税战仍持续进行！美方特朗普表示：我求求你了求求我吧[tv_微笑]。
2025-04-17 13:09:28,这是24万粉丝的up能做出来的？
2025-04-17 12:43:57,打什么？？[滑稽]
2025-04-17 11:40:37,@-我从崖边跌落- 俺不中了
2025-04-17 10:50:50,加菲猫成预言片了[doge_金箍]
2025-04-17 10:18:17,给我干哪来了
2025-04-17 06:34:44,我发布了一篇笔记，快来看看吧~
2025-04-17 02:43:52,@xifanaaa
2025-04-17 00:38:20,如果说，无损音质要钱的话，那么全损音质是不是得倒贴钱[喜极而泣]（从扣税的梗莫名想到音乐软件会员制）
2025-04-17 00:24:00,刚注册这就是bilbil吗( ゜- ゜)つロ感觉好有趣的样子(=・ω・=)
2025-04-16 23:47:29,加税也要加税[doge_金箍][doge_金箍]
2025-04-16 23:30:22,加菲猫第四季
2025-04-16 23:30:12,印度运镜
2025-04-16 23:03:40,又新又旧
2025-04-16 22:09:07,@Gin_xc @怎么不撞名_ 笑死我了，加税，通通加税[脱单doge]
2025-04-16 21:28:59,[墨镜][墨镜][墨镜]
2025-04-16 19:45:18,@我偷了我的ID
2025-04-16 19:36:00,@繁兕児冎 加税
2025-04-16 19:35:05,@Z某吃面 真正的税美人来了[难过]
2025-04-16 18:43:47,@就是毛毛虫mm
2025-04-16 18:41:59,美国加关税现状
2025-04-16 18:14:07,没记错的话，这是去年的梗了，去年的梗又复活了[笑哭]
2025-04-16 17:29:48,关税加加加加到厌倦
2025-04-16 16:01:01,那就：旧王已死，新王当立。
2025-04-16 15:13:42,所以你们还在干一个月休二天的活？！
2025-04-16 13:51:36,好久没刷到这样的了
2025-04-16 13:47:38,@水瓶游鱼 @可恶的面包头 @醉挽清风qf @叱咤风云深海鱼鱼猫 @星丶白羽莲 @yleark
2025-04-16 13:10:05,"其他平台同名是您吗？
版本有点不一样[吃瓜][doge_金箍]"
2025-04-16 13:00:21,唯一方法什么都不干插氧气管然后脚上穿不是鞋子的东西
2025-04-16 12:51:08,@卓諭
2025-04-16 12:45:32,税收加加加加到厌倦～
2025-04-16 11:00:20,好想三连，但是三连要加税[大哭]
2025-04-16 07:42:41,投币要收税，算了吧[吃瓜][吃瓜][吃瓜]
2025-04-16 06:51:40,最近的国际时事比野史还离谱[笑哭]
2025-04-16 00:20:34,旧活新整
2025-04-16 00:13:30,加税某种程度上来说是不是等于来财[思考]
2025-04-15 23:09:16,@檐流冻 这是……新的入站必看！[星星眼]
2025-04-15 22:48:20,死亡加税
2025-04-15 22:37:35,@LOVE奔奔iiiik
2025-04-15 22:35:24,「加税」和「扣税」按文字意思虽说是反过来的，但是意思却相近[doge_金箍][吃瓜]而真正的反义词是「减税」「免税」令人忍俊不禁[吃瓜]
2025-04-15 21:07:03,扣税总统[doge]
2025-04-15 21:02:14,@Master_Turing
2025-04-15 20:06:45,浙江温州，浙江温州，江南皮革厂倒闭了~
2025-04-15 20:05:40,@七瀬緋音 好好笑。🦉
2025-04-15 19:48:53,@远华觐岚 @咸鱼本鱼z2 @被死扛毒死的屑
2025-04-15 19:26:34,为啥我的一堆学习视频中会出现你？
2025-04-15 19:15:24,听到乡巴佬才彻底绷不住了[笑哭]真尼玛适配[辣眼睛]
2025-04-15 18:14:25,@起ming太费事
2025-04-15 18:00:23,加税
2025-04-15 17:55:22,👊🇺🇸🔥
2025-04-15 17:42:32,You can't exhale or hold your breath. What the hell is this?Why don't you pick your nose off?
2025-04-15 17:38:59,说谢谢了吗?
2025-04-15 16:58:29,[少女乐团派对_派对][少女乐团派对_派对][少女乐团派对_派对]
2025-04-15 14:41:47,@叶晓枫ovo
2025-04-15 14:28:48,@Aurora焗芝士 伊丽莎白鼠复活了？[笑哭]
2025-04-15 13:46:46,地球爆炸我睡觉
2025-04-15 12:33:28,@碎觉的饭桶
2025-04-15 11:58:49,以前觉得这个梗只是普通级别的好笑，现在结合时事是真的好笑
2025-04-15 11:13:58,@一水姀桉 哈哈哈哈哈哈哈
2025-04-15 00:36:44,[喜极而泣][喜极而泣][喜极而泣][喜极而泣][喜极而泣][喜极而泣][喜极而泣][喜极而泣][喜极而泣][喜极而泣][喜极而泣][喜极而泣][喜极而泣][喜极而泣][喜极而泣][喜极而泣][喜极而泣][喜极而泣][喜极而泣][喜极而泣]
2025-04-14 23:15:51,抖音看到这个视频 过来一看 果然是b站up主做的
2025-04-14 23:06:00,今天B站点赞是红的哦[doge]
2025-04-14 22:22:23,@算半吊子艺术家
2025-04-14 20:56:08,@PanicAtMidnight
2025-04-14 20:34:18,@-装什么装- @为什么会有两个洗衣机
2025-04-14 19:28:56,投币要加税？不投了[doge_金箍]
2025-04-14 19:19:04,哦哟，原来是万税爷啊[笑哭][笑哭][笑哭]
2025-04-14 18:50:36,@fully没睡醒
2025-04-14 18:14:24,我抗议以上的税[生气]
2025-04-14 16:50:43,预言帝
2025-04-14 16:31:47,企鹅也要加税[doge_金箍]。
2025-04-14 15:55:34,@拜拜喽_
2025-04-14 14:47:20,@五十岚小蜃楼
2025-04-14 14:04:39,轮到我发了[笑哭]
2025-04-14 13:25:18,加加加加加加到厌倦~
2025-04-14 13:24:46,@寂虚冲印真人 @李暮之之之
2025-04-14 13:18:04,@是云君哦 byd文艺复兴了
2025-04-14 13:03:37,哈哈哈太上头了，再来一遍😁
2025-04-14 12:57:56,好家伙，文艺复兴
2025-04-14 12:54:10,哭？哭也要加税哦
2025-04-14 12:53:44,老梗来打复活赛了
2025-04-14 12:44:13,@你唱咩歌啊
2025-04-14 12:28:06,9.1万点赞[笑哭]
2025-04-14 12:13:04,老梗复活
2025-04-14 12:05:43,没说谢谢也要加税
2025-04-14 11:50:42,紧跟时事[崩坏3·终焉归始_咀嚼]
2025-04-14 11:48:23,交税加税
2025-04-14 11:39:12,我就知道得有这个
2025-04-14 10:07:18,税不断加加加加加到厌倦
2025-04-14 09:03:02,企鹅：万税爷吉祥！
2025-04-14 08:06:25,做这个视频~也要加税😡😡😡
2025-04-14 03:17:55,咳咳咳
2025-04-14 03:13:07,万税耶！[脱单doge]
2025-04-14 02:37:26,鸡腿太咸要加税，贩卖私盐也要加税。
2025-04-14 02:27:55,再也不是扣税了
2025-04-14 01:58:30,最写实的一集[tv_点赞]
2025-04-14 01:33:18,符合时事
2025-04-14 01:32:19,川普直呼内行
2025-04-14 01:21:06,万税爷--川建国
2025-04-14 01:17:33,加征关税至125%还是太低了
2025-04-14 01:09:34,@77769394043_bili
2025-04-14 00:09:22,投币要加税，点赞要加税，转发也要加税，所以我只好白嫖了[大哭][大哭][大哭]嘤嘤嘤≥﹏≤
2025-04-14 00:07:51,哇塞这么多税[大笑]加到888%好了，多吉利的数字
2025-04-14 00:07:01,@小安里哦
2025-04-14 00:02:26,卖血加税
2025-04-13 23:56:56,建议这样收税：“只加收一条税，就是税税，即当你交税的时候，你要为你交的税交税，当你为你的税交税的时候，你需要为你所交税的税来交税，以此类推，上不封顶，（当税收小于初始税的百分之一时，重新刷新税率，直到达到初始税率（税率可以超越百分百））”[吃瓜][吃瓜][吃瓜][吃瓜][吃瓜][吃瓜][吃瓜][吃瓜][吃瓜][吃瓜][吃瓜]
2025-04-13 23:20:29,@sena1123
2025-04-13 23:19:57,懂王：我要制定新的税法，顺差要加税，逆差要加税，没有贸易的无人区也要加税。抗议以上的税法额外加50%关税。👊🇺🇸🔥
2025-04-13 23:15:25,加税，加税，再加税，直到加到中国彻底向美国开战的那一刻
2025-04-13 23:13:33,加税？乡巴佬？这……算预言吗[笑哭]
2025-04-13 23:11:42,关税加加加加加加加加加加加加加加加加加加加加加到厌倦~↑↓~[doge]
2025-04-13 23:05:52,@堇年____
2025-04-13 23:01:24,@SickLove114514
2025-04-13 22:59:57,@不眠不休的冒险家
2025-04-13 22:52:41,@游手不闲的人
2025-04-13 22:51:37,万税爷来了[doge]
2025-04-13 22:47:10,是不是该避税多一点了[惊讶]
2025-04-13 22:42:36,城市化加税，农村化也要加税[支持][笑哭]
2025-04-13 22:41:49,@乌克兰的小疯子
2025-04-13 22:37:59,@钰va
2025-04-13 22:34:57,有白鼠那味了[吃瓜]
2025-04-13 22:30:31,@情侣装怕毛 这个梗还是太超前了[笑哭][笑哭]
2025-04-13 22:28:36,我就在想怎么没人做这个[笑哭]
2025-04-13 22:18:22,他咋又出来了，我是刚连上网吗？
2025-04-13 22:15:33,《文艺复兴》[doge]
2025-04-13 22:13:29,全认的的，可以加税了。
2025-04-13 22:08:40,是不是你？[吃瓜] 慢脚竟然找到你了[吃瓜][吃瓜]
2025-04-13 22:04:57,我这上厕所交钱是真含税
2025-04-13 22:02:19,真·文艺复兴
2025-04-13 21:56:57,@闪耀の星ing
2025-04-13 21:55:49,@你害怕点-我不正常 @我是什么很正常的人吗
2025-04-13 21:47:27,其实关税特指货物服务跨国境贸易的时候征收的税[doge]
2025-04-13 21:36:36,@石狮逝世
2025-04-13 21:28:44,原本是什么来着？
2025-04-13 21:27:30,整了个英文版[doge]BV1jgd6Y9EnS
2025-04-13 21:20:30,"加加加加到厌倦~
看什么看，活着加税"
2025-04-13 21:17:21,关税不断加加加加加到厌倦
2025-04-13 21:05:45,有白鼠的味道了
2025-04-13 21:03:12,"0:30
这一段告诉我们不要三连加关注。"
2025-04-13 21:00:58,@爷傲灬奈绪
2025-04-13 20:58:46,关稅不断加加加加到厌倦
2025-04-13 20:53:27,@我不是阿琳 紧跟时代
2025-04-13 20:52:08,文艺复兴
2025-04-13 20:49:56,哈哈
2025-04-13 20:45:09,@小破站还我名字啊
2025-04-13 20:40:30,哈哈哈，听见特离谱给企鹅上关税我也想到了这个，太魔性了哈哈哈哈
2025-04-13 20:40:16,绷不住[笑哭]
2025-04-13 20:33:43,我说怎么可能会无缘无故刷到这个视频[doge][doge]
2025-04-13 20:33:04,@圆周率不等于1 @菁覃 @烟雨_绵绵
2025-04-13 20:30:57,@scx6半卡 老梗复活了，B站文艺复兴
2025-04-13 20:01:35,？？
2025-04-13 20:01:02,税扣的越多，税加的越多
2025-04-13 19:57:06,哈
2025-04-13 19:48:38,税！
2025-04-13 19:45:32,谁来艾特一下川普
2025-04-13 19:35:07,原来新市长是特朗普
2025-04-13 19:30:29,wc，冰
2025-04-13 19:27:45,《7.8万点赞(78)》
2025-04-13 19:24:18,片名：加税猫[妙啊]
2025-04-13 19:18:14,有点意思[脱单doge]
2025-04-13 19:17:17,来吧，文艺复习[大笑]@覃不慧
2025-04-13 19:16:42,@hell-is-others- @还看雷安你管我 我服了
2025-04-13 19:05:33,"——手机、芯片、汽车
——加……不  不加税"
2025-04-13 19:05:01,@災晓
2025-04-13 19:04:19,评论加税
2025-04-13 19:04:02,关税不断加加加加加加到厌倦
2025-04-13 18:58:14,连乡巴佬也预言了哈哈哈哈
2025-04-13 18:57:22,因为投币加税，所以我不投了
2025-04-13 18:51:27,家人们，企鹅也要加税[doge]
2025-04-13 18:35:59,医考帮以其简洁设计，重新定义医考学习体验。界面布局遵循极简美学，为医考之路提供简洁高效的优质资源。
2025-04-13 18:26:12,加税不断加加加加到厌倦[脱单doge]
2025-04-13 18:23:25,关税加加加加加加加到厌倦——
2025-04-13 18:21:21,视频好赞！做自媒体的小伙伴们，我也在摸索阶段，建了个配音素材库，主页分享了很多不同风格的素材，感兴趣的可以一起交流学习，助力大家创作出更精彩的作品~
2025-04-13 18:15:06,@湖冷 @忘あ年 @爱玩原的白 @小橘颂_ovo @koko113 @橘子酸-浢本浢版 @夜蘭蘭蘭 @刻晴的猫耳 @是小小赵同学_幸运版
2025-04-13 18:13:30,@kkkkykkkyy
2025-04-13 18:13:11,他还真说过
2025-04-13 18:13:02,@天翊-lmx @天河冰雪 老梗复活
2025-04-13 18:05:39,太真实了
2025-04-13 18:04:47,税务局：国王加税也要加税！[脱单doge]
2025-04-13 18:03:40,@SunHope-钦小莎
2025-04-13 18:01:32,老梗复兴（
2025-04-13 17:53:50,旧活新整[doge]
2025-04-13 17:53:03,那都吧都加关税
2025-04-13 17:49:36,《国际贸易现状》
2025-04-13 17:47:57,鄉巴佬咋了，有雞蛋吃[妙啊]
2025-04-13 17:47:04,感觉发外网
2025-04-13 17:43:52,既然扯到关税了
2025-04-13 17:37:23,@乱搬运的bro
2025-04-13 17:34:05,扣税国王的含金量还在上升
2025-04-13 17:32:59,踩点踩得太爽了ε=ε=(ﾉ≧∇≦)ﾉ
2025-04-13 17:29:30,@多喝热水撒啦啦啦啦 @此冥非彼溟
2025-04-13 17:25:49,@星汰
2025-04-13 17:18:41,"都说扣税国王要扣税，你这是扣税国王要加税。
扣税国王要扣税，又众所周知，扣等于减，所以扣税等于减税。
那又众所周知，减和加是一对反应词，所以扣税国王加税等于啥都没发生。
所以你看了这个视频等于没看。所以你看了这条评论等于没看。感谢你看完了这个评论。"
2025-04-13 17:17:29,评论区这是改版了吗，感觉好不适应
2025-04-13 17:04:00,@三斤酒量 @绳网用户0505 @巧克力豆aaaa @瑾风风 这个梗又复活了[热]
2025-04-13 17:03:22,什么国家的税，同领地还是旧帝国
2025-04-13 16:53:40,万税王
2025-04-13 16:51:07,@狐之斯也
2025-04-13 16:36:36,新时代税美人原来是唐纳德特朗普
2025-04-13 16:36:34,@bili_76352021063
2025-04-13 16:36:34,老梗复活，出现在了合适的时机
2025-04-13 16:34:55,我该放到哪个收藏夹里
2025-04-13 16:31:38,原来加菲猫也是纪录片？
2025-04-13 16:25:53,@雷霆彡闪电
2025-04-13 16:24:30,因为125％的关税所以主播要给我4个硬币[doge]
2025-04-13 16:21:30,加
2025-04-13 16:21:07,鸭鸭围观
2025-04-13 16:19:21,美国
2025-04-13 16:16:54,@尤文-理想国
2025-04-13 16:14:36,旧梗紧跟时事了[doge]
2025-04-13 16:11:16,国内增值税普遍征收，出口退税。美国无联邦征收，反向征收。
2025-04-13 16:10:13,[傲娇]
2025-04-13 16:07:16,特朗普不要在加税了
2025-04-13 16:01:32,把800评论变成801不用谢[doge_金箍][doge_金箍][doge_金箍][doge_金箍][doge_金箍][doge_金箍]
2025-04-13 15:59:51,[OK]
2025-04-13 15:52:53,文艺复兴[doge_金箍]
2025-04-13 15:48:34,看到封面我就已经绷不住了[喜极而泣]
2025-04-13 15:47:10,笑死我了
2025-04-13 15:44:24,@Real_Roller
2025-04-13 15:30:24,连我妈一个六十多，日常不怎么关心时政的人，这次加税的事儿起来以后都说，美国人能二次吧特朗普这个风姿选上去 这个国家也是真走到头了。[抠鼻]
2025-04-13 15:00:06,加加加加到厌倦🎵🎵~
2025-04-13 14:58:50,紧跟时事@神不随波逐流 @狂拽酷炫吊炸天的Z @迷路不迷茫
2025-04-13 14:58:46,@阿塔塔鸽咕咕柒柒 @落故111
2025-04-13 14:58:23,美国副总统万斯骂我们乡巴佬，特朗普又在疯狂加税，只能说加菲猫制作组太有远见了[doge]
2025-04-13 14:57:59,加关税也要加关税[doge]
2025-04-13 14:50:06,路易十六：继续加税
2025-04-13 14:47:28,开挖掘机
2025-04-13 14:46:19,今夕是何年[思考]
2025-04-13 14:43:26,三连关注也要加税
2025-04-13 14:41:56,[笑哭][笑哭][笑哭]
2025-04-13 14:30:21,关税不断加加加加到厌倦～[doge]
2025-04-13 14:27:13,万物皆可加税
2025-04-13 14:21:30,@汤圆棒棒糖i @中毒太深的萧章 @云笑朵朵朵 @爆辣上校鸡块 @听雪孤落 @再吃一屯页吧 @闳颜 @when随风止息 @当场晕倒 @牢骑冷门信仰玩家 关税不断加加加加到厌倦～
2025-04-13 14:18:58,@Tirehar_
2025-04-13 14:16:32,不要给我的乡巴佬加税啊[大哭][大哭]不然只能去吃无穷了
2025-04-13 14:05:27,看似落后时代 实则紧跟时事
2025-04-13 14:02:43,@吻眠屿 @你应该不用加税吧
2025-04-13 14:00:50,@ID黑瞎子 @念花花XYC
2025-04-13 14:00:27,[初音未来_大笑][初音未来_大笑][初音未来_大笑]
2025-04-13 14:00:11,我竟然刷到了去年的老梗。
2025-04-13 13:59:55,@mikuシンナヅキ @云墨凝羽 @星辰只是想睡觉 @元气小吴欧耶 @高手若叶睦
2025-04-13 13:56:47,加多少[doge]
2025-04-13 13:55:38,加关税也要加税。
2025-04-13 13:55:12,甚至乡巴佬都对上了[笑哭]
2025-04-13 13:54:24,我将增加这类视频进入我大脑的关税
2025-04-13 13:54:22,你不说这个梗我都忘了
2025-04-13 13:54:19,扣税该罚[doge]
2025-04-13 13:51:35,写评论也要加税
2025-04-13 13:49:10,有谁能搬迁到油管上
2025-04-13 13:49:07,[米洛与米姐姐的冒险_擦汗]
2025-04-13 13:48:10,不要再骂川宝了，他为了兔子成为产业链六边形战士，自主研发独立知识产权立下了汗马功劳，也为了兔子削弱了自己的实力（禽类关税）[doge]
2025-04-13 13:44:09,@林尼的狗1314
2025-04-13 13:41:40,加加加到厌倦
2025-04-13 13:41:05,老梗回归
2025-04-13 13:39:43,@生猛罗非鱼
2025-04-13 13:38:40,听到那个事情我第一反应就是这个梗[doge]
2025-04-13 13:38:35,投币加税!所以这我就不投了[藏狐]
2025-04-13 13:38:25,黑关税加加加加到厌倦~
2025-04-13 13:37:54,《加费米嗷》[doge]
2025-04-13 13:37:29,这视频百万播放了踢我
2025-04-13 13:37:24,@Diamond2005
2025-04-13 13:34:14,谁鸟他啊
2025-04-13 13:34:05,关税不断加加加加加加到⏰厌倦[笑哭]
2025-04-13 13:32:05,@language努力的小猪猪
2025-04-13 13:30:26,@嵽奫 [笑哭]
2025-04-13 13:30:02,一键三连加关税，我将实行对等反制，就不三连了
2025-04-13 13:28:37,好活当赏😄
2025-04-13 13:24:15,已经不认识这个字了[笑哭]
2025-04-13 13:21:27,自己翻自己[doge_金箍]加税
2025-04-13 13:18:28,@无敌小点儿
2025-04-13 13:16:09,@重工分子 @屑玩PLA的 @sfs_江江菌
2025-04-13 13:15:28,[泰蕾莎_拿来吧你][泰蕾莎_拿来吧你][泰蕾莎_拿来吧你][泰蕾莎_拿来吧你]
2025-04-13 13:14:34,关税加加加加加加到厌倦
2025-04-13 13:09:53,@bili_89073131216 加菲猫顶级预言家，直接加关税加到厌倦[doge]
2025-04-13 13:07:45,《美利坚加税厂崩溃了》
2025-04-13 13:04:54,建议交税也要加税[doge]
2025-04-13 13:03:21,@赤子1107
2025-04-13 12:59:14,@绘画小渣渣
2025-04-13 12:58:00,6
2025-04-13 12:54:27,三连加税，只好不了
2025-04-13 12:53:22,@张ux
2025-04-13 12:49:13,加税要加税。
2025-04-13 12:47:35,[思考]
2025-04-13 12:40:08,火钳刘明[蹲蹲]
2025-04-13 12:34:35,加关税不断加加加加加到厌倦
2025-04-13 12:31:23,关税不断加加加加到厌倦[大笑][大笑][大笑]
2025-04-13 12:30:34,企鹅加税呢
2025-04-13 12:30:27,@探-照-灯
2025-04-13 12:25:08,拉个粑粑也加税嘛[大哭][大哭][大哭]
2025-04-13 12:21:56,我突然想到了美国的对等关税了，南极也要交关税10%，企鹅表示我要交Q币[doge][doge]
2025-04-13 12:16:59,@黄瓜的使者 新的含义[笑哭]
2025-04-13 12:15:57,坏了，投币点赞是不是也要加关税，那不点了[doge]
2025-04-13 12:15:35,好活
2025-04-13 12:15:29,@朋鸟博joker
2025-04-13 12:12:58,很遗憾通知大家，受美国104%关税影响，以后星期四的v我50活动取消，改为v我102。
2025-04-13 12:11:22,@抓獏 @帝顓頊 @乙坂家秘传蛋包饭
2025-04-13 12:01:46,这个梗复活都是美国害的[笑哭]
2025-04-13 11:59:25,投币也要加关税所以我不投了[doge]
2025-04-13 11:58:08,@123--321-123 你没来上课不知道，我们班里最近吃午餐都是看新闻，每次看特朗普加关税就想笑
2025-04-13 11:55:47,怎么办啊兄弟们😭正在美国票呢，本来应该付200的，结果关税涨了手机就剩这点钱了，现在她夹着我不让我走疼死我了，谁借我100😭
2025-04-13 11:54:40,@亦语十四行 紧跟时事
2025-04-13 11:44:06,原来这个梗已经有一年了
2025-04-13 11:41:40,突然想到昨天刷到的QQ空间[颂乐人偶_眯眼笑][颂乐人偶_眯眼笑][颂乐人偶_眯眼笑]
2025-04-13 11:41:31,关税加加加加到厌倦~
2025-04-13 11:40:59,@明香z
2025-04-13 11:40:47,建议标题加两个⚡️⚡️
2025-04-13 11:40:01,@特朗普
2025-04-13 11:39:24,能不能变成下一个入站必看[doge][doge]
2025-04-13 11:35:15,@事SG
2025-04-13 11:34:51,@煎心且衔淚 难绷
2025-04-13 11:34:01,[吃瓜]
2025-04-13 11:26:03,@善良米塔_善米
2025-04-13 11:21:02,照进现实
2025-04-13 11:18:59,@游戏中勿扰
2025-04-13 11:09:21,加税不断加加加加到厌倦～～～
2025-04-13 11:06:12,我勒个老梗复活还翻新了[笑哭]
2025-04-13 11:04:42,关税不断加加加加到厌……加不厌倦[吃瓜]
2025-04-13 11:03:53,@岫星霙 紧跟时事
2025-04-13 11:00:57,老梗翻新[支持][doge_金箍]
2025-04-13 11:00:45,加加加加！
2025-04-13 10:57:48,加关税加加加加加加加加加……到厌倦🤜😆🤛
2025-04-13 10:57:38,扣税[OK]
2025-04-13 10:55:44,@CFM-QW 加！税！[嗑瓜子]
2025-04-13 10:53:32,鬼畜区倒退五年水平的质量水平
2025-04-13 10:52:28,看我？加税！！[猴哥]
2025-04-13 10:49:57,[鼓掌][doge_金箍]@蕊琴雅rayzzi
2025-04-13 10:43:05,加税加加加到厌倦～
2025-04-13 10:41:20,我同学妈妈公司进口商品三亿要交两亿多的税[笑哭]
2025-04-13 10:32:56,@sask123认真分享好看的视频，却被主播查房，谁会想到结局会是这样
2025-04-13 10:31:35,张 宗 昌
2025-04-13 10:23:21,火了踢我[doge]
2025-04-13 10:22:33,怎么扣钱仙人变成加税仙人了
2025-04-13 10:22:28,@白衣秀士-
2025-04-13 10:20:18,@LZ数学150
2025-04-13 10:18:37,投一个币要被收一个币的税，up主实际到手0个币。所以大家不用投币了
2025-04-13 10:18:05,梗的不同，以前的梗是加菲猫的梗，现在的梗是美国的梗
2025-04-13 10:14:23,不时用英语加税的邻座川酱同学
2025-04-13 10:10:15,这美利坚最后自己把自己给玩了嗝屁的才算老实一会。
2025-04-13 10:09:06,@不懂音律的李清照 @骄阳__
2025-04-13 10:07:10,这不就是美利坚吗？
2025-04-13 10:04:12,@全息朗228
2025-04-13 10:03:19,@易初行踪 加税加税不断加加加加到厌倦~
2025-04-13 10:03:10,这个疯癫的样子很特朗普
2025-04-13 09:59:21,谁能看看我
2025-04-13 09:57:49,@迎March
2025-04-13 09:57:27,我终于知道什么叫加拿了
2025-04-13 09:55:12,点赞，加税！评论，加税！投币，加税！
2025-04-13 09:54:30,byd老美
2025-04-13 09:52:28,怎么没有鸡蛋[doge]
2025-04-13 09:49:54,加关税这不会是在暗讽美国的加关税吧[吃瓜][吃瓜]
2025-04-13 09:41:54,还是挺赞成这么硬气的加的🥹👍
2025-04-13 09:38:44,乡巴佬都对上了是吧[笑哭][支持]
2025-04-13 09:28:56,@拾月授衣 @国际-王总
2025-04-13 09:27:21,家人们，今天我生日，可以祝鼠鼠生日快乐嘛，[害羞]
2025-04-13 09:19:03,下个视频就是美国加税[笑哭]
2025-04-13 09:15:03,[笑哭]
2025-04-13 09:10:35,@长焦镜头6
2025-04-13 09:06:25,美国的万税爷
2025-04-13 08:56:25,我靠笑死我了搞得我脑子里全是加税加税加税
2025-04-13 08:54:23,这给我干哪来的？这还是2025年吗？
2025-04-13 08:49:36,@太阳能板护不湿 用光伏板发电要扣税
2025-04-13 08:46:38,加税要加加税，加加税要加加加税，加加加税要加加加加税，加加加加要加加加加加税[笑哭]
2025-04-13 08:40:46,扣税变成加税了
2025-04-13 08:39:47,以前看视频，up主跟我说给个三连，我都会说好好好，但是关掉后也没想起来给。其实这样挺不好的。现在up主跟我说打个好评，我就会直接说，抱歉我不想给，然后关掉。作为一个有讨好倾向的人，这是我锻炼真诚和勇气的方式[奋斗]
2025-04-13 08:01:12,川普的前前前前世
2025-04-13 07:59:21,紧跟时事了属于
2025-04-13 07:56:35,特朗普:别艾特我了
2025-04-13 07:54:39,我的妈妈就是做外贸的，她说最近这情况要失业了，钱根本挣不了多少
2025-04-13 07:54:22,黄毛奶龙：关税加加加加到厌倦[doge]
2025-04-13 07:54:09,死去的梗在复活，但这对于B站热梗现状，这是件好事儿啊
2025-04-13 07:48:10,刚上B站，竟然一下子找到了这么有趣的视频[星星眼][星星眼][星星眼]
2025-04-13 07:45:00,@L亚特兰蒂斯帝国 好古老的梗哈哈哈[笑哭]
2025-04-13 07:43:09,特朗普刚加水的时候，我就在想这个梗会不会有人出来做？[笑哭]
2025-04-13 07:37:45,老美现状
2025-04-13 07:30:38,@Symbol-66 @L8黄金梦想 紧跟时事
2025-04-13 07:13:19,建议改名：⚡万⚡税⚡爷⚡
2025-04-13 07:13:00,能不能减税啊？税加的太多了
2025-04-13 07:07:45,紧跟
2025-04-13 06:40:45,"真的太合适了，我也觉得好合适来搜[来古-震撼]www
万斯说了乡巴佬，懂王当了万税爷[来古-注意]"
2025-04-13 06:32:37,@CYS666 万税爷
2025-04-13 05:38:27,甚至连乡巴佬peasant都对应上了[藏狐]
2025-04-13 04:43:32,[支持]
2025-04-13 04:37:31,@泽泽泽泽泽zzzzzz @墨菲高松灯 @遥夜彻夕盈月书
2025-04-13 04:22:24,别搞[笑哭][笑哭][笑哭]
2025-04-13 04:15:55,滴滴滴
2025-04-13 02:58:36,降税要加税，不加税要加税，加税还要再加税
2025-04-13 02:45:56,@风骚v唐诡
2025-04-13 02:34:30,只有你们在玩梗，我们玩胶卷的是实实在在的感受到了关税带来的影响，都tm涨疯了年前卖90的现在都涨到170了，都没办法啊这东西只能进口，乐凯说要复产到现在还没个动静
2025-04-13 02:31:29,@风尘男子- @后天墨迹 @老积分 @algoy_
2025-04-13 02:28:05,抖音刷到来B站了这币必须投[笑哭][笑哭][笑哭]
2025-04-13 02:23:26,文艺复兴？[辣眼睛]
2025-04-13 02:22:33,江南皮革厂倒闭啦
2025-04-13 02:21:36,@sssGaSn
2025-04-13 02:12:12,@-盐析-
2025-04-13 02:10:36,@硝烟烟烟 @我赌一颗奶糖 @好困的橡皮
2025-04-13 02:08:30,什么特朗普[笑哭]
2025-04-13 02:05:56,@望月芙芙
2025-04-13 01:56:36,艺术周期性复苏了。我记得最早好像是什么江南皮革厂吧？
2025-04-13 01:45:08,我仔细查过了，UP的避税很多😡
2025-04-13 01:42:18,"浙江温州，浙江温州
江南最大皮革厂倒闭了[笑哭]"
2025-04-13 01:28:59,所以你们以后星期四要vivo更多了[脱单doge][doge_金箍]@明日方舟_这片大蒂 @甲酸等于蚁酸 @遂宁葩佧郎君
2025-04-13 01:28:45,@喵呜嗷呜呜呜呜呜呜
2025-04-13 01:27:42,卧操，死去的记忆突然攻击我。
2025-04-13 01:27:00,🦌不加关税就行
2025-04-13 01:24:04,美国增加关税belike[doge]
2025-04-13 01:19:08,紧跟时事[笑哭]
2025-04-13 01:10:19,加税也要加税，加税的加税也要加税👊🏻🇺🇸🔥
2025-04-13 01:09:26,[脱单doge]
2025-04-13 01:09:00,"加了多少呢
当然是125%啦
对不对
[doge_金箍]
[doge_金箍][doge_金箍]
[doge_金箍][doge_金箍][doge_金箍][doge_金箍][doge_金箍]"
2025-04-13 00:58:19,我看这视频也要_？
2025-04-13 00:55:00,@时安辰 @世外寒空
2025-04-13 00:48:22,加到125%了吗[笑哭]
2025-04-13 00:46:28,笑出来要加税，憋笑也要加税[星星眼][妙啊]
2025-04-13 00:41:05,群英荟萃[嗑瓜子]
2025-04-13 00:38:59,@我是吴吾坞捂吴 这就是优质梗的复活性
2025-04-13 00:32:17,江江江江南乡巴佬 也要加税[doge]
2025-04-13 00:30:27,看视频加税
2025-04-13 00:29:27,@酵母精 这个鬼畜视频太能整活儿了
2025-04-13 00:27:00,符合事实@狼若羊影
2025-04-13 00:24:43,加税美利坚
2025-04-13 00:20:53,"把咖啡不断加加加，加到厌倦
改成税，不断加加加到厌倦
嗯，反正这歌名我忘了，
有做这个鬼畜的吗？呃，我反正莫名其妙有这个点子"
2025-04-13 00:19:15,火钳刘明
2025-04-13 00:17:08,美国现状[doge]
2025-04-13 00:16:27,@桃窈窈la
2025-04-13 00:16:17,@嘉心米唐
2025-04-13 00:12:06,@-西斯特-
2025-04-13 00:09:48,关税不断加加加加到厌倦[doge]
2025-04-13 00:09:08,我是互联网的狗吗？看到吏就走不动道[微笑]
2025-04-13 00:07:44,@烨晟ys @纪元不灵
2025-04-13 00:07:43,坏了，熬夜熬出走马灯了，这是几年前的视频呀
2025-04-13 00:06:42,加税要加税[OK]
2025-04-13 00:02:29,税不断加加加加到厌倦
2025-04-13 00:00:54,@AAA-大运重卡十师傅
2025-04-13 00:00:00,邻国：             ！
2025-04-12 23:58:30,听好了乡巴佬们，等我当上总统我要制定新的税法，无人岛要加税……[笑哭]
2025-04-12 23:58:07,@长不大の盐酱 今晚看新闻周刊的时候就想到这个了，笑死我了，真有up做出来了
2025-04-12 23:53:40,关税不断加加加加到厌倦[笑哭]
2025-04-12 23:53:15,@川观新闻
2025-04-12 23:53:00,税务不断加加加加到厌倦~
2025-04-12 23:49:24,梦醒了，美国这真的了
2025-04-12 23:48:59,"我要采一朵花✿ヽ(°▽°)ノ✿
送给六级大佬✧(≖ ◡ ≖✿)
大佬大佬你看(〜￣△￣)〜
有花(・ω< )✿"
2025-04-12 23:43:54,奇怪，这个节奏和曲调好像以前听过，好像是洛天依言和的歌但是记不起来叫啥了（失忆）
2025-04-12 23:42:37,这是我的白月光梗[笑哭]
2025-04-12 23:41:47,@珧光 @绎生sky @Forza-尤文 [喜极而泣][喜极而泣][喜极而泣][喜极而泣][喜极而泣][喜极而泣][doge]
2025-04-12 23:39:51,@若叶和睦睦 @彧猘
2025-04-12 23:35:31,等我去刷刷老视频熟悉一下
2025-04-12 23:34:44,好剪
2025-04-12 23:34:08,哈哈哈哈哈哈，加税，加加税
2025-04-12 23:34:05,那我哈气你不就炸了吗？[嘟嘟]
2025-04-12 23:33:05,@修沟的秋 我嘞个老梗复活
2025-04-12 23:31:14,https://b23.tv/BV16DddYrERp
2025-04-12 23:30:59,@浪由天 @鹤咩啊 [笑哭]
2025-04-12 23:30:19,@尘埃Sama_
2025-04-12 23:28:01,吃鸡蛋也加税
2025-04-12 23:25:27,@樱桃小丸子206 鬼畜加税视频上头
2025-04-12 23:24:08,我勒个万税万啊
2025-04-12 23:23:05,@一只手残の鸽子 @不靠谱的秦亦 加税
2025-04-12 23:22:00,剪的好舒服
2025-04-12 23:21:04,@春晖爱叶宝 无敌了孩子，还是鬼畜好玩
2025-04-12 23:19:15,笑鼠了
2025-04-12 23:18:45,举头望明月，低头要加税[傲娇]
2025-04-12 23:17:26,经济ia素材这下不愁了
2025-04-12 23:12:51,@不明所以の流川哀 @天下人的事 @ぱんだ- @有水果吗 @EddieeeWong @H萝卜君
2025-04-12 23:12:20,@邪叫教主_ 老梗复活
2025-04-12 23:08:41,@梦小漪
2025-04-12 23:08:39,文艺复兴吗[doge]
2025-04-12 23:07:26,@祀血ovo
2025-04-12 23:05:55,原来是大美利坚合众国啊[doge]
2025-04-12 23:05:06,打开评论区也要加税
2025-04-12 23:03:28,交税也要加税[doge]
2025-04-12 23:02:51,@细胞吸收
2025-04-12 23:01:34,up必须支付这条视频进入我脑子里的关税！！！
2025-04-12 23:00:46,@洛和鲤鱼
2025-04-12 22:56:06,老美:像极了我像全球加征关税[doge]
2025-04-12 22:43:18,关税不停加加加加到厌倦[doge]
2025-04-12 22:41:54,@bili_39924992669
2025-04-12 22:41:38,@神里绫人的狗勾- @怀安AuA @森小煜 @出类拔萃の風 《紧跟时事》
2025-04-12 22:40:47,今夕是何年
2025-04-12 22:40:41,应该把脸换成川普[笑哭]
2025-04-12 22:39:26,@择佳
2025-04-12 22:32:38,@_Zigu @-子约 连乡巴佬都对上了哈哈哈哈哈哈[笑哭]
2025-04-12 22:32:31,@诶速回 @沙雕他妹 @宝鸿- @忆昔Pad @一只不是羊的驼 对等加税
2025-04-12 22:31:55,[doge_金箍]
2025-04-12 22:27:49,好棒啊这鬼畜，今夕是何年啊我的天[笑哭]穿越回16年了吗
2025-04-12 22:26:47,狠狠扣缴
2025-04-12 22:24:04,@龙贫血树 @黑羽望月www 笑死
2025-04-12 22:23:09,@行了行不行
2025-04-12 22:22:52,@故时的落尘尘 特朗普
2025-04-12 22:19:41,@謬歡 [doge]
2025-04-12 22:17:20,关税不断加加加加到厌倦（）
2025-04-12 22:16:00,再加个印花税 看看会发生什么[调皮]
2025-04-12 22:15:16,@Fri-m @胖鱼刺身 文艺复兴
2025-04-12 22:15:13,下次再发的时候，建议p上特朗普的头像
2025-04-12 22:14:46,@哔儿刀qwq
2025-04-12 22:14:39,好崩溃笑抽了
2025-04-12 22:13:44,下料真猛
2025-04-12 22:11:50,@我要闹了你们让让我 最符合实事的一集[doge]
2025-04-12 22:10:51,我不是税神吗？有意思[doge]
2025-04-12 22:09:18,up是天才
2025-04-12 22:08:56,好活三连了
2025-04-12 22:08:32,这个也是个预言家
2025-04-12 22:06:55,@L7L74 @最终之梦- @仙人掌开花了- 好洗脑
2025-04-12 22:06:28,@蝶野雛大好き
2025-04-12 22:04:38,啊美丽卡现状
2025-04-12 22:00:39,@杰克x艾玛-伍兹
2025-04-12 21:59:45,太棒了，新的股神诞生
2025-04-12 21:57:52,现在…吗？
2025-04-12 21:57:46,谁来救救我我的国际经济学作业的论文啊[灵魂出窍]
2025-04-12 21:56:22,关税不断 加 加 加 加到厌倦～～🎶
2025-04-12 21:53:42,懂了这个是美国总统
2025-04-12 21:53:22,下一条视频[笑哭]
2025-04-12 21:53:06,@害怕索索神教没有信徒
2025-04-12 21:51:55,牛逼呀
2025-04-12 21:49:08,@我随便门口看看 @世-界_末-日 @潇潇细雨无绝期 @网络社恐的大鹅 原来这个梗是预言啊[笑哭]
2025-04-12 21:47:45,罕见的刷到鬼畜了
2025-04-12 21:44:00,今夕是何年？
2025-04-12 21:40:45,点赞要加税，不点赞也要加税😭
2025-04-12 21:39:02,好活当赏[鸣潮群星交错集_厉害]
2025-04-12 21:36:56,@V阿鱼
2025-04-12 21:35:53,man！哈哈哈，我砍谁？
2025-04-12 21:33:46,这个梗当初还抱过我呢
2025-04-12 21:31:25,@小报009
2025-04-12 21:31:19,@漾酒
2025-04-12 21:30:31,加税不断加加加加到厌倦~[藏狐]
2025-04-12 21:29:30,连乡巴佬都对上了[笑哭]
2025-04-12 21:28:25,@你别高兴得太早了 @猫之梦霞 @大猫吃小猫吃干抹净
2025-04-12 21:26:53,卧槽，好强的节奏感，有种老版鬼畜的感觉了
2025-04-12 21:26:00,好了～～乡巴佬们都听好了，吃鸡蛋要收税，买乡巴佬的鸡蛋要收税，呃。。。。。抗议收鸡蛋税也要收税！——《乡巴佬的幸福生活。》[doge]（问有多少笑点[笑哭]）
2025-04-12 21:25:45,@我真的是风纪委员
2025-04-12 21:25:17,@徐夸父
2025-04-12 21:24:49,@超绝美洲大蠊一枚
2025-04-12 21:23:22,你币有了
2025-04-12 21:15:00,笑死了[笑哭]
2025-04-12 21:13:22,对乡巴佬加税那蛋🥚不得卖60/组 了[doge][doge][doge][doge][doge]
2025-04-12 21:12:16,我就知道会有这个。
2025-04-12 21:10:53,投币怎么也加税了，不投了[doge]
2025-04-12 21:10:23,企鹅🐧也要加税
2025-04-12 21:08:37,@林辞卍 @耳可阿沢 @夢黒 @鸭鸭呀-_- @海海的迷子来两壶 @沧毓yuuuuu @小喷菇c @万工轿姐姐保佑我 文艺复兴（不是）
2025-04-12 21:07:44,真应了那句话我有税务与死亡永恒。[笑哭]
2025-04-12 21:01:11,最后两个币给 up 主了，加油
2025-04-12 20:59:04,关税加加加加加加加加到厌倦
2025-04-12 20:46:10,@单名b 最符合的一集
2025-04-12 20:41:29,关税不断加加加加到厌倦～～
2025-04-12 20:39:31,@L家的人 @希望不非了
2025-04-12 20:38:32,《不抗议的暂缓加税》[吃瓜]
2025-04-12 20:38:19,@看向门后的世界
2025-04-12 20:36:31,税不断加加加加到厌倦[歪嘴]
2025-04-12 20:28:10,哎呀这个算不算老梗啊[脱单doge][热词系列_啊?]
2025-04-12 20:27:37,加税的，也要加税[doge]
2025-04-12 20:27:36,@--幻想与现实--
2025-04-12 20:26:09,@白帝丶竹喏 @-何以致契阔-
2025-04-12 20:23:40,哭？哭也要加税[doge]
2025-04-12 20:18:06,@MAWYE @心急睡不了白敬亭_ @三-水吉 @重铸青水荣光 @山田凉大酱 @逸只小阳
2025-04-12 20:16:47,我就知道
2025-04-12 20:14:31,加税加到厌倦（不是）
2025-04-12 20:13:12,@终极我嘎捣
2025-04-12 20:11:55,《让子弹飞》也适合[doge]
2025-04-12 20:11:19,抗议以上的税也要加税[绘之音收藏集表情包_给心心]
2025-04-12 20:09:58,加菲猫也是好起来了，鬼畜也是有新的整活了
2025-04-12 20:06:36,@Real_Roller 紧跟时事
2025-04-12 20:01:37,特朗普：今天怎么后背凉凉的
2025-04-12 20:00:29,加税！
2025-04-12 19:56:19,光脚丫要张嘴
2025-04-12 19:52:04,税加加加加到厌倦~
2025-04-12 19:49:47,@好一只猫某
2025-04-12 19:47:44,@bili_65664973978
2025-04-12 19:45:16,你自己穿了鞋子还不是犯法了。🤣🤣🤣
2025-04-12 19:41:11,@永远的神兽馒头 又来了
2025-04-12 19:40:30,孩子们我饿了，给我做饭去
2025-04-12 19:37:40,那交税是不是也要加税呢？[脱单doge][妙啊]
2025-04-12 19:33:15,@名字_好难取啊 @黑铁1召唤师 @阿白不爱白给 @江边er @想信啊仔吗
2025-04-12 19:27:23,差分宇宙拒绝加税
2025-04-12 19:27:11,好活当赏
2025-04-12 19:26:03,@NonN77
2025-04-12 19:24:07,终于有人做了[微笑]
2025-04-12 19:21:51,@西迪厄斯的驴 @依旧是执
2025-04-12 19:20:31,@礼諳 @正好喜欢自己 @龟苓膏药贴
2025-04-12 19:19:09,特朗普：加税！加税！！对中国也要加税！
2025-04-12 19:17:21,我就知道有这个[喜极而泣][喜极而泣]
2025-04-12 19:15:06,关税不停加加加加加加到厌倦
2025-04-12 19:14:55,回旋标
2025-04-12 19:14:13,@-ECOH- @吉比希比 @风前铃鹿
2025-04-12 19:12:59,@快乐风仔
2025-04-12 19:12:08,@杨氏集团团长
2025-04-12 19:01:48,@批发烤蝴蝶
2025-04-12 19:01:44,@Vincent-official
2025-04-12 18:46:29,建议改名⚡万⚡税⚡爷⚡
2025-04-12 18:44:54,天才！
2025-04-12 18:40:24,出个英文版就好了
2025-04-12 18:30:48,那真的是紧跟时事了
2025-04-12 18:25:43,@-是阿悦吖-
2025-04-12 18:24:54,川be like
2025-04-12 18:22:06,我靠，很久没有看到那么纯粹的鬼畜作品了，爷青回[妙啊]
2025-04-12 18:18:44,@新人一只求罩 @凌晨无敌暴龙战神
2025-04-12 18:11:15,万税爷[笑哭]
2025-04-12 18:06:25,关税不断加加加加加加加加到厌倦
2025-04-12 17:56:00,@稀里糊涂AD钙
2025-04-12 17:54:43,@t突突tu
2025-04-12 17:51:29,非常好，上吊也要加关税[doge]
2025-04-12 17:36:14,关税不断加加加加关税
2025-04-12 17:35:12,太合适了这个梗
2025-04-12 17:25:13,顶你呀[笑哭][笑哭][笑哭]
2025-04-12 17:17:46,@美国肉类出口协会USMEF [微笑]
2025-04-12 17:11:55,有曾经的鬼畜视频的那种感觉了[doge]
2025-04-12 16:55:54,紧跟时事，多沉浸啊[doge_金箍][吃瓜][打call][打call]
2025-04-12 16:42:14,@Quokka先生
2025-04-12 16:35:38,建议改为:税款不断加加加加到厌倦
2025-04-12 16:35:27,对上了，全对上了
2025-04-12 16:17:43,@生盐赫燧鎏
2025-04-12 16:14:00,@来三份可爱 关税不断加加加加到厌倦～
2025-04-12 16:08:32,现在看回来觉得这就是预言家
2025-04-12 16:07:40,@变异蓝竹笋 @大葱1l
2025-04-12 15:52:37,万斯：早上好乡巴佬们，等我转正副总统，我会指定新的税法！
2025-04-12 15:50:55,bgm是什么
2025-04-12 15:49:55,～(￣▽￣～)~
2025-04-12 15:39:34,特朗普的X
2025-04-12 15:38:06,笑死我了诶呦我去
2025-04-12 14:55:29,加菲猫还是太超前了[吃瓜]
2025-04-12 14:55:10,关税不停加加加加到厌倦
2025-04-12 14:51:00,评论要加税吗[笑哭][笑哭][笑哭]
2025-04-12 14:50:07,三连是不是也要加税
2025-04-12 14:48:15,税一定要不能乱收
2025-04-12 14:43:57,一键三连也加税[doge]
2025-04-12 14:41:36,加税仙人 [doge]
2025-04-12 14:27:39,@CSAX機機
2025-04-12 14:22:49,笑死我了 o(*≧▽≦)ツ
2025-04-12 14:20:51,有点2011年鬼畜的意思了
2025-04-12 14:17:28,紧跟时事[星星眼][星星眼][星星眼]
2025-04-12 13:56:06,旧事重提
2025-04-12 13:54:32,节奏有点像白胜做的那个鬼畜
2025-04-12 13:40:14,原曲是不是浙江温州江南皮革厂的那个
2025-04-12 13:40:06,"下列没有被加关税的是（    ）
A.欧盟
B.中国
C.企鹅&海豹
D.俄罗斯"
2025-04-12 13:37:21,居然没有交税也要扣税？[doge]
2025-04-12 13:28:12,666紧跟时事
2025-04-12 13:11:22,关税不断加加加，加到厌倦
2025-04-12 13:10:29,怎么没火，活挺好的啊[傲娇]
2025-04-12 13:02:20,文艺复兴[吃瓜]
2025-04-12 12:34:41,扣税变加税了[doge]
2025-04-12 12:34:10,"第一眼：老梗复活？
第二眼：紧跟时事！"
2025-04-12 12:31:44,[俊达萌表情包_诶]
2025-04-12 12:30:06,[doge]扣税国王新赛季说是
2025-04-12 12:25:46,@挽斜 @小雨不如小雪
2025-04-12 12:25:05,不好，我吃关税了就不投币了
2025-04-12 12:23:58,扣税懂王[doge]
2025-04-12 12:21:09,你知道我要说什么🤓👇
2025-04-12 12:20:07,主打一个概念王，带π不牢底
2025-04-12 12:18:01,从头到尾没说白嫖要加税[doge]
2025-04-12 12:13:23,不敢点赞投币，怕被加税
2025-04-12 12:11:47,现在的美国对外belike：
2025-04-12 12:09:01,扔粑粑也要加关税啊😢
2025-04-12 12:04:53,关税加加加加加到厌倦
2025-04-12 11:59:13,鬼才[doge]up 主，祝早日成为百大鬼畜 up 主
2025-04-12 11:48:15,豪赤😋
2025-04-12 11:36:41,一听到乡巴佬万斯就想到这个[笑哭]
2025-04-12 11:32:13,等我当上了总统，我会制定新的关税法[doge]
2025-04-12 11:24:57,牛魔这么高质量直接被打压了[笑哭]
2025-04-12 11:07:05,@stewie的奇妙之旅 @无名宝251 太合适了[打call][打call][打call]
2025-04-12 10:54:36,本来准备投两个币，但是因为125%的关税，现在up主还倒欠我2.5个币。
2025-04-12 09:24:24,老梗复活[热词系列_赛博考古]
2025-04-12 08:10:29,税前消息
2025-04-12 07:49:47,老梗富兴。
2025-04-12 07:43:33,@胃名子 @曲正清 笑死我了
2025-04-12 03:24:18,来早了[doge]
2025-04-12 02:45:34,这一天终究是到了[笑哭]
2025-04-12 01:45:11,关税菩萨[保佑]
2025-04-11 23:21:56,前排
2025-04-11 23:02:04,点开有惊喜[抠鼻]
2025-04-11 22:44:30,三连，加税[星星眼]
2025-04-11 21:56:24,人才，给你投个币
2025-04-11 21:26:37,[Neuro sama收藏集_认同]
2025-04-11 20:59:07,啥玩意儿这梗复活了？[笑哭]
2025-04-11 19:20:14,[打call]
2025-04-11 18:39:11,加菲猫预言家啊
2025-04-11 18:34:48,拿粑粑加税笑死
2025-04-11 18:10:50,来早了[笑哭]
2025-04-11 18:07:11,笑了[doge]
2025-04-11 18:05:48,亚美利加国王唐纳德一世
